idSubDisciplina,cveSubDisciplina,descSubDisciplina,idDisciplina
1201,201401,Conservación ecológica,65
3956,201402,Ecología y ciencias ambientales,65
1203,201501,Otras,66
1204,201601,Otras,67
1205,201701,Etnobotánica,68
4655,201703,Otras,68
4631,201702,Etnoecología ,68
1233,201805,Otras,69
1207,201801,Acuacultura,69
1208,201802,Animal,69
1209,201803,Humana,69
1210,201804,Insectos,69
1211,201901,Otras,70
934,202001,Biofarmacia,71
1212,202002,Otras,71
1223,202111,Fisiología del medio interno,72
1224,202112,Fisiología del movimiento,72
1225,202113,Fisiología del músculo,72
1226,202114,Fisiología del sistema nervioso central,72
1227,202115,Fisiología endocrina,72
1228,202116,Fisiología humana,72
1229,202117,Metabolismo humano,72
1230,202118,Neurofisiología,72
1231,202119,Otras,72
1232,202120,Regulación de la temperatura humana,72
1213,202101,Anestesiología,72
1214,202102,Fisiología cardiovascular,72
1215,202103,Fisiología de la audición,72
1216,202104,Fisiología de la digestión,72
1217,202105,Fisiología de la reproducción,72
1218,202106,Fisiología de la respiración,72
1219,202107,Fisiología de la visión,72
1220,202108,Fisiología del ejercicio,72
1221,202109,Fisiología del equilibrio,72
1222,202110,Fisiología del lenguaje,72
1234,202201,Acuacultura,73
1235,202202,Citogenética,73
1236,202203,Citogenética animal,73
1237,202204,Embriología,73
1238,202205,Genética clínica,73
1239,202206,Genética de poblaciones,73
1240,202207,Genética del desarrollo,73
1241,202208,Genética humana,73
1242,202209,Genética molecular de plantas,73
1243,202210,Genética Toxicológica,73
1244,202211,Ingeniería genética,73
3910,202212,Otras,73
1245,202301,Anticuerpos,74
1246,202302,Anticuerpos de tejidos,74
1247,202303,Antígenos,74
1248,202304,Catálisis, autocatálisis, inmunocátalisis,74
1249,202305,Formación de anticuerpos,74
1250,202306,Hipersensibilidad,74
1251,202307,Inmunización,74
1252,202308,Inmunología,74
1253,202309,Inmunopatología,74
1254,202310,Otras,74
1255,202311,Reacción antígeno-anticuerpo,74
1256,202312,Trasplante de órganos,74
1257,202313,Vacunas,74
1258,202401,Antibióticos,75
1259,202402,Bacteriófagos,75
1260,202403,Bacteriología,75
1261,202404,Fisiología bacteriana,75
1262,202405,Hongos,75
1263,202406,Metabolismo bacteriano,75
1264,202407,Metabolismo microbiano,75
1265,202408,Micología (levaduras),75
1266,202409,Microbiología,75
1267,202410,Microbiología clínica,75
1268,202411,Microbiología industrial,75
1269,202412,Microbiología: degradación de residuos vegetales,75
1270,202413,Mohos,75
1271,202414,Otras,75
1272,202415,Procesos microbianos,75
1273,202501,Neurofisiología,76
1274,202502,Neuroquímica,76
1275,202601,Otras,77
1276,202701,Otras,78
1277,202702,Paleontología animal,78
1278,202703,Paleontología de las plantas,78
1279,202704,Paleontología de los invertebrados,78
1280,202705,Paleontología de los vertebrados,78
1281,202706,Palinología,78
1282,202801,Otras,79
1283,202901,Análisis bioquímico,80
1284,202902,Análisis cromatográfico,80
1285,202903,Análisis de polímeros,80
1286,202904,Análisis electroquímico,80
1287,202905,Análisis microquímico,80
1288,202906,Análisis radioquímico,80
1289,202907,Espectroscopía de absorción,80
1290,202908,Espectroscopía de emisión,80
1291,202909,Espectroscopía de infrarrojos,80
1292,202910,Espectroscopía de masas,80
1293,202911,Espectroscopía de microondas,80
1294,202912,Espectroscopía de rayos x,80
1295,202913,Espectroscopía de resonancia magnética,80
1296,202914,Espectroscopía raman,80
1297,202915,Fluorimetría07 gravimetría,80
1298,202916,Fosforimetría,80
1299,202917,Métodos termoanalíticos,80
1300,202918,Microscopia,80
1301,202919,Otras,80
1302,202920,Volumetría,80
1303,203001,Diseño, síntesis y estudio de nuevos fármacos,81
1304,203102,Cinética química,82
1305,203103,Cristales líquidos,82
1306,203104,Cristalografía,82
1307,203105,Electrolitos,82
1308,203106,Electroquímica,82
1309,203107,Emulsiones,82
1310,203108,Equilibrio de fases,82
1311,203109,Equilibrio químico y de fase,82
1312,203110,Espectroscopía electrónica,82
1313,203111,Espectroscopía molecular,82
1314,203112,Estados de la materia,82
1315,203113,Fenómenos de dispersión,82
1316,203114,Fenómenos de membrana,82
1317,203115,Fenómenos de transporte,82
1318,203116,Física de la fase gaseosa,82
1319,203117,Física del estado líquido,82
1320,203118,Física del estado sólido,82
1321,203119,Fotoquímica,82
1322,203120,Intercambio iónico,82
1323,203121,Llamas,82
1324,203122,Otras,82
1325,203123,Procesos de relajación,82
1326,203124,Química de coloides,82
1327,203125,Química de interfases,82
1328,203126,Química de las altas temperaturas,82
1329,203127,Química del estado sólido,82
1330,203128,Química-física de polímeros,82
1331,203129,Química-física: química de la fase gaseosa,82
1332,203130,Radioquímica,82
1333,203131,Reacciones rápidas y explosivos,82
1334,203132,Sales fundidas,82
1335,203133,Soluciones,82
1336,203134,Teoría cuántica,82
1337,203135,Teoría de la valencia,82
1338,203136,Teoría de las células de combustible,82
1339,203137,Termodinámica,82
1340,203138,Termoquímica,82
1341,203139,Transferencia de energía,82
1202,203101,Catálisis,82
1342,203201,Alquilos metálicos,83
1343,203202,Análisis de polímeros,83
1344,203203,Carbono,83
1345,203204,Celulosa,83
1346,203205,Compuestos de azufre,83
1347,203206,Compuestos de boro,83
1348,203207,Compuestos de cloro,83
1349,203208,Compuestos de coordinación,83
1350,203209,Compuestos de flúor,83
1351,203210,Compuestos de fósforo,83
1352,203211,Compuestos de plomo,83
1353,203212,Compuestos de sodio,83
1354,203213,Compuestos deficientes de electrones,83
1355,203214,Compuestos del nitrógeno,83
1356,203215,Compuestos heterocíclicos,83
1357,203216,Derivados del benceno,83
1358,203217,Desionización,83
1359,203218,Economía química,83
1360,203219,Elastómeros,83
1361,203220,Elementos alcalinos,83
1362,203221,Elementos alcalinotérreos,83
1363,203222,Elementos de transición,83
1364,203223,Elementos electropositivos,83
1365,203224,Elementos sintéticos,83
1366,203225,Elementos transuránidos,83
1367,203226,Estabilidad de las macromoléculas,83
1368,203227,Estereoquímica y análisis conformacional,83
1369,203228,Estructura de las moléculas orgánicas,83
1370,203229,Estructura de los compuestos inorgánicos,83
1371,203230,Fibras naturales,83
1372,203231,Fibras sintéticas,83
1373,203232,Germanio,83
1374,203233,Gomas,83
1375,203234,Grafito,83
1376,203235,Halógenos,83
1377,203236,Hidrocarburos alifáticos,83
1378,203237,Hidrocarburos aromáticos,83
1379,203238,Hidrógeno,83
1380,203239,Hidruros,83
1381,203240,Macromoléculas,83
1382,203241,Mecanismos de las reacciones inorgánicas,83
1383,203242,Mecanismos de reacción,83
1384,203243,Metales,83
1385,203244,Modificación de macromoléculas,83
1386,203245,Operaciones electroquímicas,83
1387,203246,Plásticos celulares,83
1388,203247,Polielectrolitos,83
1389,203248,Poliésteres,83
1390,203249,Poliestireno,83
1391,203250,Polietilenos,83
1392,203251,Polímeros compuestos,83
1393,203252,Polímeros de alto peso molecular,83
1394,203253,Polímeros en forma dispersa,83
1395,203254,Polímeros inorgánicos,83
1396,203255,Polímeros reticulados,83
1397,203256,Polipéptidos y proteínas,83
1398,203257,Polisacáridos,83
1399,203258,Poliuretanos,83
1400,203259,Procesos de química nuclear,83
1401,203260,Procesos químicos,83
1402,203261,Química de carbaniones,83
1403,203262,Química de los actínidos,83
1404,203263,Química de los colorantes,83
1405,203264,Química de los compuestos bicíclicos,83
1406,203265,Química de los esteroides,83
1407,203266,Química de los hidratos de carbono,83
1408,203267,Química de los organofosforados,83
1409,203268,Química de los organosilícicos,83
1410,203269,Química de los organosulfurados,83
1411,203270,Química de los pigmentos,83
1412,203271,Química de monómeros,83
1413,203272,Química de productos naturales orgánicos,83
1414,203273,Química del agua,83
1415,203274,Química del carbonio,83
1416,203275,Química industrial,83
1417,203276,Química orgánica. Análisis instrumental,83
1418,203277,Radicales libres,83
1419,203278,Recubrimiento por electrólisis,83
1420,203279,Revestimientos hidrófobos,83
1421,203280,Revestimientos protectores,83
1422,203281,Revestimientos refractarios,83
1423,203282,Separación química,83
1424,203283,Síntesis de macromoléculas,83
1425,203284,Síntesis química,83
1426,203285,Tecnología de la catálisis,83
1427,203286,Tecnología de la combustión,83
1428,203287,Tecnología de la conservación,83
1429,203288,Tecnología de la corrosión,83
1430,203289,Tecnología química: tensioactivos,83
1431,203290,Tierras raras,83
1432,203301,Alquilos metálicos,84
1433,203302,Análisis de polímeros,84
1434,203303,Carbono,84
1435,203304,Celulosa,84
1436,203305,Compuestos de azufre,84
1437,203306,Compuestos de boro,84
1438,203307,Compuestos de cloro,84
1439,203308,Compuestos de coordinación,84
1440,203309,Compuestos de flúor,84
1441,203310,Compuestos de fósforo,84
1442,203311,Compuestos de plomo,84
1443,203312,Compuestos de sodio,84
1444,203313,Compuestos deficientes de electrones,84
1445,203314,Compuestos del nitrógeno,84
1446,203315,Compuestos heterocíclicos,84
1447,203316,Derivados del benceno,84
1448,203317,Desionización,84
1449,203318,Economía química,84
1450,203319,Elastómeros,84
1451,203320,Elementos alcalinos,84
1452,203321,Elementos alcalinotérreos,84
1453,203322,Elementos de transición,84
1454,203323,Elementos electropositivos,84
1455,203324,Elementos sintéticos,84
1456,203325,Elementos transuránidos,84
1457,203326,Estabilidad de las macromoléculas,84
1458,203327,Estereoquímica y análisis conformacional,84
1459,203328,Estructura de las moléculas orgánicas,84
1460,203329,Estructura de los compuestos inorgánicos,84
1461,203330,Fibras naturales,84
1462,203331,Fibras sintéticas,84
1463,203332,Germanio,84
1464,203333,Gomas,84
1465,203334,Grafito,84
1466,203335,Halógenos,84
1467,203336,Hidrocarburos alifáticos,84
1468,203337,Hidrocarburos aromáticos,84
1469,203338,Hidrógeno,84
1470,203339,Hidruros,84
1471,203340,Macromoléculas,84
1472,203341,Mecanismos de las reacciones inorgánicas,84
1473,203342,Mecanismos de reacción,84
1474,203343,Metales,84
1475,203344,Modificación de macromoléculas,84
1476,203345,Operaciones electroquímicas,84
1477,203346,Plásticos celulares,84
1478,203347,Polielectrolitos,84
1479,203348,Poliésteres,84
1480,203349,Poliestireno,84
1481,203350,Polietilenos,84
1482,203351,Polímeros compuestos,84
1483,203352,Polímeros de alto peso molecular,84
1484,203353,Polímeros en forma dispersa,84
1485,203354,Polímeros inorgánicos,84
1486,203355,Polímeros reticulados,84
1487,203356,Polipéptidos y proteínas,84
1488,203357,Polisacáridos,84
1489,203358,Poliuretanos,84
1490,203359,Procesos de química nuclear,84
1491,203360,Procesos químicos,84
1492,203361,Química de carbaniones,84
1493,203362,Química de los actínidos,84
1494,203363,Química de los colorantes,84
1495,203364,Química de los compuestos bicíclicos,84
1496,203365,Química de los esteroides,84
1497,203366,Química de los hidratos de carbono,84
1498,203367,Química de los organofosforados,84
1499,203368,Química de los organosilícicos,84
1500,203369,Química de los organosulfurados,84
1501,203370,Química de los pigmentos,84
1502,203371,Química de monómeros,84
1503,203372,Química de productos naturales orgánicos,84
1504,203373,Química del agua,84
1505,203374,Química del carbonio,84
1506,203375,Química industrial,84
1507,203376,Química orgánica. Análisis instrumental,84
1508,203377,Radicales libres,84
1509,203378,Recubrimiento por electrólisis,84
1510,203379,Revestimientos hidrófobos,84
1511,203380,Revestimientos protectores,84
1512,203381,Revestimientos refractarios,84
1513,203382,Separación química,84
1514,203383,Síntesis de macromoléculas,84
1515,203384,Síntesis química,84
1516,203385,Tecnología de la catálisis,84
1517,203386,Tecnología de la combustión,84
1518,203387,Tecnología de la conservación,84
1519,203388,Tecnología de la corrosión,84
1520,203389,Tecnología química: tensioactivos,84
1521,203390,Tierras raras,84
1522,203401,Moléculas marcadas,85
1523,203402,Otras,85
1524,203403,Química de átomos calientes,85
1525,203404,Química de la radiación,85
1526,203405,Radioisótopos,85
1527,203406,Radioquímica,85
1528,203407,Separación de isótopos,85
1529,203408,Trazadores isotópicos,85
1627,203598,Procesos metabólicos,86
1628,203599,Procesos químicos,86
1629,2035100,Productos del petróleo: gasolina, aceites y ceras,86
1630,2035101,Productos derivados del petróleo,86
1631,2035102,Productos químicos derivados del carbón,86
1632,2035103,Proteínas,86
1633,2035104,Química clínica,86
1634,2035105,Química de carbaniones,86
1635,2035106,Química de los actínidos,86
1636,2035107,Química de los colorantes,86
1637,2035108,Química de los compuestos bicíclicos,86
1638,2035109,Química de los esteroides,86
1639,2035110,Química de los hidratos de carbono,86
1640,2035111,Química de los organofosforados,86
1641,2035112,Química de los organosilícicos,86
1642,2035113,Química de los organosulfurados,86
1643,2035114,Química de los pigmentos,86
1644,2035115,Química de macromoléculas biológicas,86
1645,2035116,Química de monómeros,86
1646,2035117,Química de productos naturales orgánicos,86
1647,2035118,Química del agua,86
1648,2035119,Química del carbonio,86
1649,2035120,Química industrial,86
1650,2035121,Química microbiológica,86
1651,2035122,Química orgánica. Análisis instrumental,86
1652,2035123,Quimioterapia,86
1653,2035124,Radicales libres,86
1654,2035125,Recubrimiento por electrólisis,86
1655,2035126,Regulación por retroalimentación,86
1656,2035127,Revestimientos hidrófobos,86
1657,2035128,Revestimientos protectores,86
1658,2035129,Revestimientos refractarios,86
1659,2035130,Separación química,86
1660,2035131,Síntesis de macromoléculas,86
1661,2035132,Síntesis química,86
1662,2035133,Tecnología de la catálisis,86
1663,2035134,Tecnología de la combustión,86
1664,2035135,Tecnología de la conservación,86
1665,2035136,Tecnología de la corrosión,86
1666,2035137,Tecnología química: tensioactivos,86
1667,2035138,Terpenos,86
1668,2035139,Tierras raras,86
1669,2035140,Vitaminas,86
1530,203501,Aceite y grasa lubricantes,86
1531,203502,Aceites esenciales,86
1532,203503,Ácidos grasos,86
1533,203504,Ácidos nucleicos,86
1534,203505,Alcaloides,86
1535,203506,Almacenamiento (petróleo y gas),86
1536,203507,Almidón,86
1537,203508,Alquilos metálicos,86
1538,203509,Aminoácidos,86
1539,203510,Análisis de polímeros,86
1540,203511,Antimetabólitos,86
1541,203512,Biología molecular,86
1542,203513,Bioquímica de alimentos,86
1543,203514,Bioquímica física,86
1544,203515,Biosíntesis,86
1545,203516,Caracterización de carbones,86
1546,203517,Carbono,86
1547,203518,Celulosa,86
1548,203519,Ceras,86
1549,203520,Coenzimas,86
1550,203521,Compuestos de azufre,86
1551,203522,Compuestos de boro,86
1552,203523,Compuestos de cloro,86
1553,203524,Compuestos de coordinación,86
1554,203525,Compuestos de flúor,86
1555,203526,Compuestos de fósforo,86
1556,203527,Compuestos de plomo,86
1557,203528,Compuestos de sodio,86
1558,203529,Compuestos deficientes de electrones,86
1559,203530,Compuestos del nitrógeno,86
1560,203531,Compuestos heterocíclicos,86
1561,203532,Derivados del benceno,86
1562,203533,Desionización,86
1563,203534,Diseño de refinerías,86
1564,203535,Economía química,86
1565,203536,Elastómeros,86
1566,203537,Elementos alcalinos,86
1567,203538,Elementos alcalinotérreos,86
1568,203539,Elementos de transición,86
1569,203540,Elementos electropositivos,86
1570,203541,Elementos sintéticos,86
1571,203542,Elementos transuránidos,86
1572,203543,Enzimología,86
1573,203544,Equipo de campos petrolíferos,86
1574,203545,Estabilidad de las macromoléculas,86
1575,203546,Estereoquímica y análisis conformacional,86
1576,203547,Esteroides,86
1577,203548,Estructura de las moléculas orgánicas,86
1578,203549,Estructura de los compuestos inorgánicos,86
1579,203550,Farmacología molecular,86
1580,203551,Fermentación,86
1581,203552,Fibras naturales,86
1582,203553,Fibras sintéticas,86
1583,203554,Fotosíntesis,86
1584,203555,Gas licuado,86
1585,203556,Gas natural,86
1586,203557,Gaseoductos,86
1587,203558,Genética bioquímica,86
1588,203559,Germanio,86
1589,203560,Glúcidos,86
1590,203561,Gomas,86
1591,203562,Grafito,86
1592,203563,Halógenos,86
1593,203564,Hidrocarburos alifáticos,86
1594,203565,Hidrocarburos aromáticos,86
1595,203566,Hidrógeno,86
1596,203567,Hidruros,86
1597,203568,Hormonas,86
1598,203569,Infraestructura de campos petrolíferos,86
1599,203570,Inmunoquímica,86
1600,203571,Lípidos,86
1601,203572,Macromoléculas,86
1602,203573,Materiales asfálticos,86
1603,203574,Mecanismos de las reacciones inorgánicas,86
1604,203575,Mecanismos de reacción,86
1605,203576,Metabolismo intermediario,86
1606,203577,Metales,86
1607,203578,Modificación de macromoléculas,86
1608,203579,Oleoductos,86
1609,203580,Oligoelementos,86
1610,203581,Operaciones electroquímicas,86
1611,203582,Péptidos,86
1612,203583,Petróleo crudo,86
1613,203584,Plásticos celulares,86
1614,203585,Polielectrolitos,86
1615,203586,Poliésteres,86
1616,203587,Poliestireno,86
1617,203588,Polietilenos,86
1618,203589,Polímeros compuestos,86
1619,203590,Polímeros de alto peso molecular,86
1620,203591,Polímeros en forma dispersa,86
1621,203592,Polímeros inorgánicos,86
1622,203593,Polímeros reticulados,86
1623,203594,Polipéptidos y proteínas,86
1624,203595,Polisacáridos,86
1625,203596,Poliuretanos,86
1626,203597,Procesos de química nuclear,86
1670,203601,Medicina nuclear,87
1671,203602,Patología de la radiación,87
1672,203603,Radioterapia,87
1673,203701,Otras,88
1674,203801,Otras,89
1675,203901,Arbovirus,90
1676,203902,Bacteriofagos,90
1677,203903,Enterovirus,90
1678,203904,Otras,90
1679,203905,Poxvirus,90
1680,203906,Virología,90
1681,203907,Virología animal,90
1682,203908,Virus,90
1683,203909,Virus dermatrópicos,90
1684,203910,Virus neurotrópicos,90
1685,203911,Virus pantrópicos,90
1686,203912,Virus respiratorios,90
1687,203913,Virus viscerotrópicos,90
4492,Proteom2,Proteómica molecular y celular,592
4491,Prot1,Proteómica biomédica,592
4493,Otr,Otras,592
918,200101,Antropogenética,51
919,200102,Antropología médica,51
920,200103,Antropometría y antropología forense,51
921,200104,Archivos antropológicos,51
922,200105,Biología de poblaciones,51
923,200106,Biología racial,51
924,200107,Comportamiento de los primates,51
925,200108,Composición del cuerpo,51
926,200109,Constitución del cuerpo,51
927,200110,Desarrollo somático,51
928,200111,Envejecimiento somático,51
930,200113,Hábitos alimentarios,51
931,200114,Osteología,51
932,200115,Otras,51
933,200116,Somatología de los primates,51
929,200112,Etnología,51
935,200201,Bioacústica,52
936,200202,Bioelectricidad,52
937,200203,Bioenergética,52
938,200204,Biomecánica,52
939,200205,Bioóptica,52
940,200206,Física médica,52
941,200207,Otras,52
942,200301,Anatomía,53
943,200302,Anatomía animal,53
944,200303,Cirugía,53
945,200304,Citología animal,53
946,200305,Comportamiento animal,53
947,200306,Comunicación animal,53
948,200307,Crecimiento animal,53
949,200308,Desarrollo animal,53
950,200309,Ecología animal,53
951,200310,Embriología animal,53
952,200311,Farmacología,53
953,200312,Fisiología,53
954,200313,Fisiología animal,53
955,200314,Genética,53
956,200315,Genética animal,53
957,200316,Herpetología,53
958,200317,Histología animal,53
959,200318,Inmunología,53
960,200319,Invertebrados,53
961,200320,Invertebrados no insectos,53
962,200321,Mamíferos,53
963,200322,Medicina interna,53
964,200323,Microbiología,53
965,200324,Nutrición,53
966,200325,Ornitología,53
967,200326,Parasitología animal,53
968,200327,Patología,53
969,200328,Patología animal,53
970,200329,Primates,53
971,200330,Protozoología,53
972,200331,Taxonomía animal,53
973,200332,Vertebrados,53
974,200333,Virología,53
975,200334,Zoología general,53
976,200335,Zoología marina,53
977,200336,Zoología: letiología,53
978,200401,Citogenética,54
979,200402,Citología,54
980,200403,Cultivo celular,54
981,200404,Cultivo de tejidos,54
982,200405,Estructura de la pared celular,54
983,200406,Morfología celular,54
984,200407,Otras,54
985,200501,Desarrollo de los insectos,55
986,200502,Ecología de los insectos,55
987,200503,Entomología general,55
988,200504,Fisiología de los insectos,55
989,200505,Insecticidas,55
990,200506,Insectos,55
991,200507,Morfología de los insectos,55
992,200508,Otras,55
993,200509,Taxonomía de los insectos,55
994,200601,Aceites esenciales,56
995,200602,Ácidos grasos,56
996,200603,Ácidos nucleicos,56
997,200604,Alcaloides,56
998,200605,Almidón,56
999,200606,Aminoácidos,56
1000,200607,Anatomía humana,56
1001,200608,Anatomía sistemática,56
1002,200609,Anatomía topográfica,56
1003,200610,Anestesiología,56
1004,200611,Antimetabolitos,56
1005,200612,Biología molecular,56
1006,200613,Bioquímica de alimentos,56
1007,200614,Bioquímica física,56
1008,200615,Biosíntesis,56
1009,200616,Ceras,56
1010,200617,Citología humana,56
1011,200618,Coenzimas,56
1012,200619,Desarrollo humano,56
1013,200620,Ecología humana,56
1014,200621,Embriología humana,56
1015,200622,Enzimología,56
1016,200623,Esteroides,56
1017,200624,Farmacología molecular,56
1018,200625,Fermentación,56
1019,200626,Fisiología cardiovascular,56
1020,200627,Fisiología de la audición,56
1021,200628,Fisiología de la digestión,56
1022,200629,Fisiología de la reproducción,56
1023,200630,Fisiología de la respiración,56
1024,200631,Fisiología de la visión,56
1025,200632,Fisiología del ejercicio,56
1026,200633,Fisiología del equilibrio,56
1027,200634,Fisiología del lenguaje,56
1028,200635,Fisiología del medio interno,56
1029,200636,Fisiología del movimiento,56
1030,200637,Fisiología del músculo,56
1031,200638,Fisiología del sistema nervioso central,56
1032,200639,Fisiología endocrina,56
1033,200640,Fisiología humana,56
1034,200641,Fotosíntesis,56
1035,200642,Genética bioquímica,56
1036,200643,Genética humana,56
1037,200644,Glúcidos,56
1038,200645,Grupo sanguíneo,56
1039,200646,Histología humana,56
1040,200647,Hormonas,56
1041,200648,Inmunoquímica,56
1042,200649,Lípidos,56
1043,200650,Medicina tradicional,56
1044,200651,Metabolismo humano,56
1045,200652,Metabolismo intermediario,56
1046,200653,Neuroanatomía humana,56
1047,200654,Neurofisiología,56
1048,200655,Oligoelementos,56
1049,200656,Órganos sensoriales,56
1050,200657,Péptidos,56
1051,200658,Procesos metabólicos,56
1052,200659,Proteínas,56
1053,200660,Química clínica,56
1054,200661,Química de macromoléculas biológicas,56
1055,200662,Química microbiológica,56
1056,200663,Quimioterapia,56
1057,200664,Regulación de la temperatura humana,56
1058,200665,Regulación por retroalimentación,56
1059,200666,Terpenos,56
1060,200667,Vitaminas,56
3959,200668,Criobiología,56
1061,200701,Otras,57
1062,204001,Biología molecular,58
1063,204002,Biología molecular de microorganismos,58
1064,204003,Biología molecular de plantas,58
1066,200801,Agricultura, silvicultura, pesca,59
1067,200802,Algología (ficología),59
1068,200803,Anatomía vegetal,59
1069,200804,Biología marina,59
1070,200805,Botánica general,59
1071,200806,Briología,59
1072,200807,Césped,59
1073,200808,Citología vegetal,59
1074,200809,Comportamiento del suelo en cultivos rotatorios,59
1075,200810,Control de malezas,59
1076,200811,Cultivos de campo,59
1077,200812,Cultivos de plantas ornamentales,59
1078,200813,Cultivos forrajeros,59
1079,200814,Dendrología,59
1080,200815,Desarrollo vegetal,59
1081,200816,Ecología vegetal,59
1082,200817,Explotación de los cultivos,59
1083,200818,Fertilidad del suelo,59
1084,200819,Fijación biológica del nitrógeno,59
1085,200820,Fijación y movilización biológica de nutrientes,59
1086,200821,Fisiología de la maduración,59
1087,200822,Fisiología vegetal,59
1088,200823,Fitobiología,59
1089,200824,Fitopatología,59
1090,200825,Genética vegetal,59
1091,200826,Gestión de la producción vegetal,59
1092,200827,Hibridación de cultivos,59
1093,200828,Histología vegetal,59
1094,200829,Limnología,59
1095,200830,Micología (setas),59
1096,200831,Nutrición vegetal,59
1097,200832,Paleobotánica,59
1098,200833,Parasitología vegetal,59
1099,200834,Pastos,59
1100,200835,Producción de cultivos,59
1101,200836,Propagación de vegetales,59
1102,200837,Protección de los cultivos,59
1103,200838,Pteridología,59
1104,200839,Semillas,59
1105,200840,Taxonomía vegetal,59
1106,200841,Técnicas de cultivo,59
1107,200842,Uso (manejo) combinado del agua y fertilizantes,59
3958,200843,Biología evolutiva,59
1108,200901,Bioestadística,60
1109,201002,Otras,60
1110,201001,Otras,61
1111,201101,Aceite y grasa lubricantes,62
1112,201102,Aceites esenciales,62
1113,201103,Aceites esenciales,62
1114,201104,Ácidos grasos,62
1115,201105,Ácidos nucléicos,62
1116,201106,Alcaloides,62
1117,201107,Almacenamiento (petróleo y gas),62
1118,201108,Almidón,62
1119,201109,Aminoácidos,62
1120,201110,Antimetabolitos,62
1121,201111,Biología molecular,62
1122,201112,Bioquímica de alimentos,62
1123,201113,Bioquímica física,62
1124,201114,Biosíntesis,62
1125,201115,Caracterización de carbones,62
1126,201116,Ceras,62
1127,201117,Coenzimas,62
1128,201118,Compuestos heterocíclicos,62
1129,201119,Compuestos organometálicos,62
1130,201120,Derivados del benceno,62
1131,201121,Desionización,62
1132,201122,Diseño de refinerías,62
1133,201123,Economía química,62
1134,201124,Enzimología,62
1135,201125,Equipo de campos petrolíferos,62
1136,201126,Estereoquímica y análisis conformacional,62
1137,201127,Esteroides,62
1138,201128,Estructura de las moléculas orgánicas,62
1139,201129,Farmacología molecular,62
1140,201130,Fermentación,62
1141,201131,Fotosíntesis,62
1142,201132,Gas licuado,62
1143,201133,Gas natural,62
1144,201134,Gaseoductos,62
1145,201135,Genética bioquímica,62
1146,201136,Glúcidos,62
1147,201137,Hidrocarburos alifáticos,62
1148,201138,Hidrocarburos aromáticos,62
1149,201139,Hormonas,62
1150,201140,Infraestructura de campos petrolíferos,62
1151,201141,Inmunoquímica,62
1152,201142,Lípidos,62
1153,201143,Materiales asfálticos,62
1154,201144,Mecanismos de reacción,62
1155,201145,Metabolismo intermediario,62
1156,201146,Oleoductos,62
1157,201147,Oligoelementos,62
1158,201148,Operaciones electroquímicas,62
1159,201149,Péptidos,62
1160,201150,Petróleo crudo,62
1161,201151,Procesos de química nuclear,62
1162,201152,Procesos metabólicos,62
1163,201153,Procesos químicos,62
1164,201154,Productos del petróleo: gasolina, aceites y ceras,62
1165,201155,Productos derivados del petróleo,62
1166,201156,Productos químicos derivados del carbón,62
1167,201157,Proteínas,62
1168,201158,Química clínica,62
1169,201159,Química de carbaniones,62
1170,201160,Química de los colorantes,62
1171,201161,Química de los compuestos bicíclicos,62
1172,201162,Química de los esteroides,62
1173,201163,Química de los hidratos de carbono,62
1174,201164,Química de los organofosforados,62
1175,201165,Química de los organosilícicos,62
1176,201166,Química de los organosulfurados,62
1177,201167,Química de macromoléculas biológicas,62
1178,201168,Química de productos naturales orgánicos,62
1179,201169,Química del carbonio,62
1180,201170,Química industrial,62
1181,201171,Química microbiológica,62
1182,201172,Química orgánica. Análisis instrumental,62
1183,201173,Quimioterapia,62
1184,201174,Radicales libres,62
1185,201175,Recubrimiento por electrólisis,62
1186,201176,Regulación por retroalimentación,62
1187,201177,Revestimientos hidrófobos,62
1188,201178,Revestimientos protectores,62
1189,201179,Revestimientos refractarios,62
1190,201180,Separación química,62
1191,201181,Síntesis química,62
1192,201182,Tecnología de la catálisis,62
1193,201183,Tecnología de la combustión,62
1194,201184,Tecnología de la conservación,62
1195,201185,Tecnología de la corrosión,62
1196,201186,Tecnología química: tensioactivos,62
1197,201187,Terpenos,62
1198,201188,Terpenos,62
1199,201189,Vitaminas,62
1200,201201,Otras,63
1206,201202,Acuacultura,63
1065,201301,Biología pesquera,64
4328,210101,Otras,492
4717,220101,Bioinformática,698
5211,766,Otras,699
4718,170201,Manejo costero,699
4719,220301,Biología estructural,700
4720,220401,Campos emergentes,701
4721,220501,Ciencia de los alimentos,702
4722,220601,Enfermedades infecciosas,703
4723,220701,Farmacología animal,704
4724,220801,Farmacología humana,705
4725,220901,Genómica animal,706
4726,221001,Genómica humana,707
4727,221101,Neurobiología,708
4728,221201,Salud ambiental,709
4729,230101,Anatomía,710
4730,230201,Bacteriología,711
4731,230301,Biología de poblaciones,712
4732,230401,Biología evolutiva,713
4733,230501,Endocrinología,714
4734,230601,Fisiología biofísica,715
4735,230701,Fisiología vegetal,716
4736,230801,Genética vegetal,717
4737,230901,Genética y evolución,718
4738,231001,Limnología,719
4739,231101,Morfología,720
4740,231201,Parasitología,721
4741,240101,Electroquímica,722
4742,240201,Química general,,723
4743,240301,Química teórica,724
4744,250101,Bioseguridad,725
4745,250201,Biosistemática y manejo de recursos naturales,726
4746,250301,Conservación de ecosistemas,727
4747,250401,Ecología marina,728
4748,250501,Ecología molecular,729
4749,250601,Gestión ambiental,730
4750,250701,Gestión ambiental para la sustentabilidad,731
4751,250801,Manejo de recursos marinos,732
4752,250901,Mitigación y adaptación al cambio climático,733
4753,251001,Química de recursos naturales,734
4754,251101,Química del ambiente,735
4755,251201,Seguridad hídrica,736
2341,500101,Administración de los recursos hídricos,168
2342,500102,Administración civil,168
2343,500103,Gestión administrativa,168
2344,500104,Instituciones centrales,168
2345,500105,Instituciones regionales,168
2346,500106,Otras,168
2347,500107,Servicios públicos,168
2348,500201,Otras,169
2349,500202,Planificación política,169
2350,500203,Política agrícola,169
2351,500204,Política científica y tecnológica,169
2352,500205,Política comercial,169
2353,500206,Política cultural,169
2354,500207,Política de comunicaciones,169
2355,500208,Política de la información,169
2356,500209,Política de transportes,169
2357,500210,Política del medio ambiente,169
2358,500211,Política demográfica,169
2359,500212,Política económica,169
2360,500213,Política educativa,169
2361,500214,Política exterior,169
2362,500215,Política gubernamental,169
2363,500216,Política industrial,169
2364,500217,Política sanitaria,169
2365,500218,Política social,169
2366,500301,Filosofía política,170
2367,500302,Teoría de las ideologías,170
2368,500401,Otras,171
2369,500402,Poder ejecutivo,171
2370,500403,Poder judicial,171
2371,500404,Poder legislativo,171
2372,500405,Relaciones entre los poderes,171
2373,500501,Información,172
2374,500502,Medios de comunicación de masas,172
2375,500503,Opinión pública,172
2376,500504,Otras,172
2377,500505,Prensa,172
2378,500506,Propaganda,172
2379,500601,Otras,173
2380,500701,Cooperación internacional,174
2381,500702,Ética transnacional,174
2382,500703,Organizaciones internacionales,174
2383,500704,Otras,174
2384,500705,Política internacional,174
2385,500706,Problemas de las relaciones internacionales,174
2386,500707,Tratados y acuerdos internacionales,174
4354,DH,Derechos humanos,174
2387,500801,Sistema político mexicano,175
2388,500802,Sistemas políticos: área americana,175
2389,500901,Conflictos sociales,176
2390,500902,Derechos humanos,176
2391,500903,Lenguas,176
2392,500904,Minorías,176
2393,500905,Otras,176
2394,500906,Raza,176
2395,500907,Religión,176
2396,501001,Otras,177
2397,501101,Comportamiento político,178
2398,501102,Elecciones,178
2399,501103,Grupos políticos,178
2400,501104,Liderazgo político,178
2401,501105,Movimientos políticos,178
2402,501106,Otras,178
2538,501107,Partidos políticos,178
4351,PMig,Política migratoria,512
4352,PDrog,Política de drogas,512
4353,Otr,Otros,512
4952,Pedu,Política educativa,512
4411,LAT,Estudios Latinoamericanos,552
5171,Ot,Otras,552
2604,510101,Didáctica,179
2605,510201,Ciencias del lenguaje,180
2607,510202,Educación comparada,180
3915,510203,Educación especial,180
4951,01,Política Educativa,932
2403,520101,Comercio exterior,181
2404,520102,Comercio interior,181
2405,520103,Consumo, ahorro, inversión,181
2406,520104,Dinero y operaciones bancarias,181
2407,520105,Distribución,181
2408,520106,Economía monetaria,181
2409,520107,Otras,181
2410,520108,Producción,181
2411,520109,Redistribución,181
2412,520110,Seguros,181
2413,520201,Contabilidad de la renta nacional,182
2414,520202,Contabilidad financiera,182
2415,520203,Contabilidad social,182
2416,520204,Input-output,182
2417,520205,Otras,182
2418,520206,Riqueza nacional y balance de situación,182
2419,520301,Estadística económica,183
2420,520302,Indicadores económicos,183
2421,520303,Modelos econométricos,183
2422,520304,Otras,183
2423,520305,Proyección económica,183
2424,520306,Series cronológicas económicas,183
2425,520401,Economía de la investigación y del desarrollo experimental,184
2426,520402,Economía tecnológica,184
2427,520403,Innovación tecnológica,184
2428,520404,Otras,184
2429,520405,Tecnología y cambio social,184
2430,520406,Transferencia de tecnología,184
2431,520501,Comportamiento del consumidor,185
2432,520502,Historia del pensamiento económico,185
2433,520503,Metodología económica,185
2434,520504,Otras,185
2435,520505,Planeación de recursos,185
2436,520506,Presupuestos y planificación del desarrollo,185
2437,520601,Acuerdos monetarios internacionales,186
2438,520602,Ayuda exterior,186
2439,520603,Ayuda internacional,186
2440,520604,Balanza de pagos,186
2441,520605,Comunidad europea,186
2442,520606,Economía internacional: área americana,186
2443,520607,Economía internacional: área europea,186
2444,520608,Financiación internacional,186
2445,520609,Inversión exterior,186
2446,520610,Operaciones comerciales internacionales,186
2447,520611,Otras,186
2448,520612,Política económica internacional,186
2449,520613,Relaciones comerciales internacionales,186
2450,520701,Agricultura, silvicultura, pesca,187
2451,520702,Comercio,187
2452,520703,Construcción,187
2453,520704,Economía del desarrollo rural,187
2454,520705,Educación,187
2455,520706,Energía,187
2456,520707,Fabricación,187
2457,520708,Finanzas y seguros,187
2458,520709,Investigación y desarrollo,187
2459,520710,Minería,187
2460,520711,Otras,187
2461,520712,Sanidad,187
2462,520713,Servicios comunitarios, sociales e individuales,187
2463,520714,Transportes y comunicaciones,187
2464,520715,Turismo,187
2465,520801,Concentración económica,188
2466,520802,Empresas de servicios públicos,188
2467,520803,Empresas publicas,188
2468,520804,Estructura del mercado,188
2469,520805,Integración económica,188
2470,520806,Monopolio y competencia,188
2471,520807,Otras,188
2472,520808,Regulación gubernamental del sector privado,188
2473,520901,Dirección de ventas,189
2474,520902,Equipo industrial,189
2475,520903,Especificaciones de procesos,189
2476,520904,Estudio de mercados,189
2477,520905,Estudio de tiempos y movimientos,189
2478,520906,Estudios industriales,189
2479,520907,Gestión financiera,189
2480,520908,Ingeniería de mantenimiento,189
2481,520909,Ingeniería de procesos,189
2482,520910,Investigación operativa,189
2483,520911,Maquinaria industrial,189
2484,520912,Marketing (comercialización),189
2485,520913,Mercadotecnia,189
2486,520914,Niveles óptimos de producción,189
2487,520915,Organización de la producción,189
2488,520916,Organización de recursos humanos,189
2489,520917,Procesos industriales,189
2490,520918,Publicidad,189
2491,521001,Otras,190
4098,521002,Economía ambiental,190
4099,251003,Economía ecológica,190
4100,251004,Desarrollo sustentable,190
2492,521101,Hacienda pública (presupuesto),191
2493,521102,Otras,191
2494,521103,Política fiscal y deuda pública,191
2495,521201,Otras,192
2496,521202,Sistemas económicos capitalistas,192
2497,521203,Sistemas económicos colectivistas,192
2498,521204,Sistemas económicos comparados,192
2499,521205,Sistemas económicos socialistas,192
2500,521301,Equilibrio económico,193
2501,521302,Estudios de desarrollo económico,193
2502,521303,Fluctuaciones económicas,193
2503,521304,Formación de capital,193
2504,521305,Modelos y teorías del desarrollo económico,193
2505,521306,Otras,193
2506,521307,Previsión económica,193
2507,521308,Teoría de la inversión,193
2508,521309,Teoría de la planificación económica,193
2509,521310,Teoría del ahorro,193
2510,521311,Teoría del bienestar,193
2595,521312,Teoría del comercio internacional,193
2596,521313,Teoría del crecimiento económico,193
2597,521314,Teoría del crédito,193
2598,521315,Teoría fiscal,193
2599,521316,Teoría macroeconómica,193
2600,521317,Teoría microeconómica,193
2601,521318,Teoría monetaria,193
2602,521319,Teoría y modelos de empleo,193
2603,521320,Teorías de la estabilización,193
5077,531307,Grupos de trabajo de alto desempeño,992
5078,531308,Personal,992
5083,531313,Diseño de procesos administrativos,992
5084,531314,Administración de procesos,992
5075,531305,Empowerment,992
5076,531306,Clima organizacional,992
5079,531309,Solución de problemas,992
5085,531315,Evaluación y diagnóstico,992
5086,531316,Desarrollo del entorno social,992
5071,531301,Medición de la satisfacción de mercados y clientes,992
5072,531302,Diseño y mejora de servicio,992
5073,531303,Administración de la calidad total,992
5074,531304,Administración del cambio,992
5080,531310,Capital intelectual,992
5081,531311,Administración del conocimiento,992
5082,531312,Planeación estratégica,992
5131,1,Evaluación de políticas públicas,1032
2511,530101,Ciencias criminológicas,194
5031,53102,Otras,194
2512,530201,Religión,195
2513,530301,Derecho aeronáutico,196
2514,530302,Derecho del mar,196
2515,530303,Derecho sobre el espacio ultraterrestre,196
2516,530304,Derecho sobre los fondos marinos,196
2517,530305,Otras,196
2518,530401,Derecho administrativo,197
2519,530402,Derecho civil,197
2520,530403,Derecho constitucional,197
2521,530404,Derecho fiscal,197
2522,530405,Derecho mercantil,197
2523,530406,Derecho penal,197
2524,530407,Derecho privado,197
2525,530408,Derecho público,197
2526,530409,Otras,197
2527,530501,Funcionarios de justicia y procesos judiciales,198
2528,530502,Magistratura,198
2529,530503,Otras,198
2530,530504,Tribunales,198
2531,530601,Otras,199
2532,530701,Derecho comparado,200
2533,530702,Derecho común anglosajón,200
2534,530703,Derecho de la antigüedad,200
2535,530704,Derecho natural,200
2536,530705,Filosofía del derecho,200
2537,530706,Legislación,200
2593,530707,Otras,200
3913,530802,Criminología y criminalística,294
3914,530801,Derecho,294
2539,540101,Características biológicas,201
2540,540102,Características epidemiológicas,201
2541,540103,Características socio-económicas,201
2542,540104,Distribución de edad,201
2543,540105,Envejecimiento de la población,201
2544,540106,Estructuras demográficas generales,201
2545,540107,Genética de la población,201
2546,540108,Morbilidad,201
2547,540109,Otras,201
2548,540110,Población activa,201
2549,540111,Sexo,201
2550,540201,Metodología de análisis,202
2551,540202,Metodología de investigación,202
2552,540203,Otras,202
2553,540204,Teoría,202
2554,540301,Demogeografía,203
2555,540302,Demografía local,203
2556,540303,Demografía regional,203
2557,540304,Demografía rural,203
2558,540305,Demografía urbana,203
2559,540306,Movilidad y migraciones interiores,203
2560,540307,Movilidad y migraciones internacionales,203
2561,540308,Otras,203
2562,540401,Cuestiones metodológicas,204
2563,540402,Cuestiones teóricas,204
2564,540403,Fertilidad e índice de matrimonios,204
2565,540404,Fuentes de observación,204
2566,540405,Migraciones,204
2567,540406,Mortalidad,204
2568,540407,Otras,204
2569,540501,Esterilidad y fecundidad,205
2570,540502,Fertilidad general,205
2571,540503,Ilegitimidad,205
2572,540504,Índice de matrimonios,205
2573,540505,Índice de natalidad,205
2574,540506,Otras,205
2575,540601,Causas de mortalidad,206
2576,540602,Mortalidad general,206
2577,540603,Mortalidad infantil,206
2578,540604,Mortalidad prenatal y perinatal,206
2579,540605,Otras,206
2580,540606,Relación de variables,206
2581,540701,Otras,207
2582,540801,Análisis demográfico,208
2583,540802,Cálculo demográfico,208
2584,540803,Censos de población y recogida de otros datos,208
2585,540804,Crecimiento de la población,208
2586,540805,Estadística de poblaciones,208
2587,540806,Estimaciones de población,208
2588,540807,Modelos de población,208
2589,540808,Otras,208
2590,540809,Previsiones de población,208
2591,540810,Proyecciones de población,208
2592,540811,Transición demográfica,208
2606,550101,Educación adultos,209
2608,560101,Desarrollo regional,210
2609,560102,Distribución de recursos naturales,210
2610,560103,Geografía de las actividades,210
2611,560104,Otras,210
2612,560105,Utilización de la tierra,210
2613,560201,Otras,211
2614,560301,Biogeografía,212
2615,560302,Demogeografía,212
2616,560303,Geografía cultural,212
2617,560304,Geografía de la religión,212
2618,560305,Geografía lingüística,212
2619,560306,Geografía política,212
2620,560307,Geografía social,212
2621,560308,Otras,212
2622,560401,Geografía rural,213
2623,560402,Geografía urbana,213
2624,560403,Otras,213
2625,560501,Otras,214
3936,560601,Otros,299
3937,560701,Planeación y Desarrollo,300
3938,560801,Otros,301
2626,570101,Arqueología,215
2627,570102,Ciencia de la cerámica,215
2628,570103,Epigrafía,215
2629,570104,Estratigrafía,215
2630,570105,Filología,215
2631,570106,Heráldica,215
2632,570107,Iconografía,215
2633,570108,Numismática,215
2634,570109,Onomástica,215
2635,570110,Otras,215
2636,570111,Paleografía,215
2637,570112,Papirología,215
2638,570113,Sigilografía,215
2639,570201,Historia local,216
2640,570202,Historia regional,216
2641,570203,Otras,216
2642,570301,Historia comparada,217
2643,570302,Historiografía,217
2644,570303,Monografías históricas,217
2645,570304,Otras,217
2646,570305,Teorías y métodos,217
2647,570401,Historia antigua,218
2648,570402,Historia contemporánea,218
2649,570403,Historia medieval,218
2650,570404,Historia moderna,218
2651,570405,Otras,218
2652,570406,Prehistoria,218
2653,570501,Historia de la arquitectura,219
2654,570502,Historia de la astronomía,219
2655,570503,Historia de la biología,219
2656,570504,Historia de la botánica,219
2657,570505,Historia de la ciencia,219
2658,570506,Historia de la economía,219
2659,570507,Historia de la educación,219
2660,570508,Historia de la filosofía,219
2661,570509,Historia de la física,219
2662,570510,Historia de la geografía,219
2663,570511,Historia de la geología,219
2664,570512,Historia de la guerra,219
2665,570513,Historia de la lingüística,219
2666,570514,Historia de la literatura,219
2667,570515,Historia de la lógica,219
2668,570516,Historia de la magistratura,219
2669,570517,Historia de la medicina,219
2670,570518,Historia de la química,219
2671,570519,Historia de la sociología,219
2672,570520,Historia de la tecnología,219
2673,570521,Historia de las ideas políticas,219
2674,570522,Historia de las relaciones internacionales,219
2675,570523,Historia de las religiones,219
2676,570524,Historia del arte,219
2677,570525,Historia del derecho y de las instituciones jurídicas,219
2678,570526,Historia del periodismo,219
2679,570527,Otras,219
2680,570601,Otras,220
3912,570701,Otros,293
2681,580101,Desarrollo socio-económico,221
2682,580102,Evolución de las sociedades,221
2683,580103,Otras,221
2684,580104,Países en vías de desarrollo,221
2685,580105,Política social,221
2686,580106,Seguridad social,221
2687,580107,Servicios sociales,221
2688,580108,Tecnología y cambio social,221
2689,580201,Otras,222
2690,580202,Signos,222
2691,580203,Símbolos,222
2692,580204,Sociolingüística,222
2693,580301,Castas,223
2694,580302,Clases sociales,223
2695,580303,Elites,223
2696,580304,Estratificación social,223
2697,580305,Familia, parentesco,223
2698,580306,Matrimonio,223
2699,580307,Movilidad social,223
2700,580308,Otras,223
2701,580309,Posición social de la mujer,223
2702,580310,Tribus,223
2594,580401,Ciencias criminológicas,224
2703,580402,Otras,224
2704,580501,Conflictos,225
2705,580502,Guerra y paz,225
2706,580503,Otras,225
2707,580504,Problemas de las relaciones internacionales,225
2708,580505,Solución de conflictos,225
2719,580611,Nivel de vida,226
2720,580612,Otras,226
2721,580613,Pobreza,226
2722,580614,Relaciones interraciales,226
2723,580615,Terrorismo,226
2709,580601,Bienestar social,226
2710,580602,Calidad de vida,226
2711,580603,Conflicto social y adaptación,226
2712,580604,Crimen,226
2713,580605,Delincuencia,226
2714,580606,Desempleo,226
2715,580607,Enfermedad,226
2716,580608,Hambre,226
2717,580609,Inadaptados,226
2718,580610,Minusválidos,226
2725,580701,Civilización y caracteres nacionales,227
2726,580702,Estudios Regionales,227
2727,580703,Evolución cultural,227
2728,580704,Folklore,227
2729,580705,Lengua y cultura,227
2730,580706,Otras,227
2731,580707,Relaciones culturales,227
2732,580708,Relaciones interétnicas,227
2733,580709,Sociología de la literatura,227
2734,580710,Sociología de la religión,227
2735,580711,Sociología del arte,227
2736,580712,Sociología del derecho,227
2737,580801,Barrios bajos,228
2738,580802,Estudios de comunidad,228
2739,580803,Otras,228
2740,580804,Sociología ecológica,228
2741,580805,Sociología local,228
2742,580806,Sociología rural,228
2743,580807,Sociología urbana,228
2744,580901,Burocracia,229
2745,580902,Otras,229
2746,580903,Sociología de la ciencia,229
2747,580904,Sociología de la educación,229
2748,580905,Sociología de los medios de comunicación de masas,229
2749,580906,Sociología del derecho,229
2750,580907,Sociología educativa,229
2751,580908,Sociología industrial,229
2752,580909,Sociología médica,229
2753,581001,Diseño de investigación social,230
2754,581002,Métodos de investigación social,230
2755,581003,Otras,230
2756,581004,Psicología social,230
2757,581005,Recogida de datos de campo,230
2724,581101,Desarrollo regional,231
2758,581102,Metodología,231
2759,581103,Otras,231
2760,581104,Sociografía,231
2761,581105,Sociología comparada,231
2762,581106,Sociología histórica,231
2763,581107,Teoría,231
2764,581201,Análisis estadístico,232
2765,581202,Elaboración de modelos,232
2766,581203,Medida y construcción de índices,232
2767,581204,Otras,232
3926,581304,Atención a la violencia familiar,298
3927,581401,Ciencias de la familia,298
3932,581406,Prevención de adicciones,298
3933,581407,Trabajo social,298
3934,581408,Trabajo social comunitario,298
3935,581409,Trabajo social y desarrollo humano,298
3928,581402,Consultoría familiar,298
3929,581403,Gericultura,298
3930,581404,Intervención en violencia,298
3931,581405,Orientación familiar,298
3923,581301,Estudios de género y de la mujer,297
3924,581302,Estudios de la familia,297
3925,581303,Trabajo social,297
4531,01,Otras ,612
4330,5010101,Otras,494
4331,5010201,Otras,495
4332,5010301,Otras,496
4333,5010401,Otras,497
4334,5010501,Otras,498
4335,5010601,Otras,499
4336,5010701,Otras,500
3916,590102,Mercadotecnia y publicidad,292
3911,590101,Negocios y comercio,292
3917,590103,Finanzas, banca y seguros,292
3918,590104,Contabilidad y fiscalización,292
3919,590201,Administración de empresas,296
3920,590202,Administración turística y de restaurantes,296
3921,590203,Administración en el ámbito de la ingeniería y la construcción,296
3922,590204,Administración en los campos de la educación, salud, deporte, agronomía y las artes y humanidades,296
4611,590205,Administración de la Innovación,296
3941,5000301,Otros,304
3939,5000101,Otros,302
3940,5000201,Otros,303
3942,5000401,Otros,305
4551,Otr,Otras,632
4552,Otr,Otras,633
4890,5020101,Bibliotecología y estudios de la información,871
4891,5020201,Desarrollo científico y tecnológico,872
4892,5020301,Gestión de innovación de las tecnologías de información y comunicación,873
4893,5020401,Gestión de la tecnología,874
4894,5020501,Gestión sustentable del agua,875
4975,747,Migración,953
4976,748,Violencias,953
4977,749,Trabajo,953
4978,749,Participación políticas de las mujeres,953
4979,750,Otras,953
4980,752,Sexualidades e identidades,954
4981,754,Otras,954
4982,756,Historia del feminismo,955
4983,758,Representaciones culturales y prácticas sociales,955
4984,759,Construcción de la subjetividad,955
4985,760,Otras,955
4986,762,Salud mental,956
4987,763,Salud reproductiva,956
4988,763,Desigualdad,956
4989,764,Otras,956
2934,600105,Nutrición y alimentos,233
2935,600106,Toxicología,233
2777,600101,Cereales y leguminosas,233
2931,600102,Control de calidad,233
2932,600103,Fermentación,233
2933,600104,Investigación,233
4374,600201,Otras,532
4375,600301,Otras,533
4376,600401,Otras,534
4377,600501,Otras,535
4380,600601,Otras,536
4379,600701,Otras,537
4378,600801,Otras,538
4373,600901,Otras,539
4372,601001,Otras ,540
4382,601101,Otras,541
4381,601201,Otras,542
2768,610101,Acarología,234
2769,610102,Agricultura, silvicultura, pesca,234
2770,610103,Algología (ficología),234
2771,610104,Anatomía vegetal,234
2772,610105,Biología marina,234
2773,610106,Botánica general,234
2774,610107,Briología,234
2775,610108,Césped,234
2776,610109,Citología vegetal,234
2778,610110,Comportamiento del suelo en cultivos rotatorios,234
2779,610111,Control de malezas,234
2780,610112,Cultivos de campo,234
2781,610113,Cultivos de plantas ornamentales,234
2782,610114,Cultivos forrajeros,234
2783,610115,Dendrología,234
2784,610116,Desarrollo vegetal,234
2785,610117,Ecología vegetal,234
2786,610118,Educación agrícola,234
2787,610119,Epidemiología,234
2788,610120,Explotación de los cultivos,234
2789,610121,Fertilidad del suelo,234
2790,610122,Fijación biológica del nitrógeno,234
2791,610123,Fijación y movilización biológica de nutrientes,234
2792,610124,Fisiología de la maduración,234
2793,610125,Fisiología vegetal,234
2794,610126,Fitobiología,234
2795,610127,Fitopatología,234
2796,610128,Fitopatología,234
2797,610129,Genética vegetal,234
2798,610130,Gestión de la producción vegetal,234
2799,610131,Hibridación de cultivos,234
2800,610132,Histología vegetal,234
2801,610133,Ingeniería agrícola,234
2802,610134,Limnología,234
2803,610135,Maquinaria agrícola,234
2804,610136,Micología (setas),234
2805,610137,Nutrición vegetal,234
2806,610138,Nutrición vegetal,234
2807,610139,Paleobotánica,234
2808,610140,Parasitología vegetal,234
2809,610141,Pastos,234
2810,610142,Producción de cultivos,234
2811,610143,Propagación de vegetales,234
2812,610144,Protección de los cultivos,234
2813,610145,Pteridología,234
2814,610146,Semillas,234
2815,610147,Sistemas de producción agropecuaria,234
2816,610148,Taxonomía vegetal,234
2817,610149,Técnicas de cultivo,234
2818,610150,Uso (manejo) combinado del agua y fertilizantes,234
2819,610151,Uso y conservación del agua,234
3951,610152,Fitomejoramiento y protección de las plantas,234
2820,610201,Fabricación de abonos,235
2821,610202,Fungicidas,235
2822,610203,Herbicidas,235
2823,610204,Insecticidas,235
2824,610205,Otras,235
2825,610206,Plaguicidas,235
2826,610207,Productos agrícolas no alimenticios,235
2827,610208,Productos de la pesca,235
2828,610209,Productos lácteos,235
2829,610210,Reguladores del crecimiento de las plantas,235
2830,610211,Utilización de abonos,235
2831,610301,Otras,236
2832,610302,Tecnología de la madera,236
2833,610401,Agricultura, silvicultura, pesca,237
2834,610402,Conservación,237
2835,610403,Control de la erosión,237
2836,610404,Ordenación de cuencas fluviales,237
2837,610405,Ordenación de montes,237
2838,610406,Ordenación de pastos,237
2839,610407,Otras,237
2840,610408,Productos,237
2841,610409,Protección,237
2842,610410,Silvicultura,237
2843,610411,Técnicas de cultivo,237
2844,610412,Tecnología de la madera,237
4393,610540,Enfermería veterinaria,238
2845,610501,Anatomía,238
2846,610502,Anatomía animal,238
2847,610503,Cirugía,238
2848,610504,Citología animal,238
2849,610505,Comportamiento animal,238
2850,610506,Comunicación animal,238
2851,610507,Crecimiento animal,238
2852,610508,Desarrollo animal,238
2853,610509,Ecología animal,238
2854,610510,Embriología animal,238
2855,610511,Farmacología,238
2856,610512,Fisiología,238
2857,610513,Fisiología animal,238
2858,610514,Genética,238
2859,610515,Genética animal,238
2860,610516,Herpetología,238
2861,610517,Histología animal,238
2862,610518,Inmunología,238
2863,610519,Invertebrados,238
2864,610520,Invertebrados no insectos,238
2865,610521,Mamíferos,238
2866,610522,Medicina interna,238
2867,610523,Microbiología,238
2868,610524,Nutrición,238
2869,610525,Ornitología,238
2870,610526,Parasitología animal,238
2871,610527,Patología,238
2872,610528,Patología animal,238
2873,610529,Porcicultura,238
2874,610530,Primates,238
2875,610531,Producción animal tropical,238
2876,610532,Protozoología,238
2877,610533,Taxonomía animal,238
2878,610534,Vertebrados,238
2879,610535,Virología,238
2880,610536,Zoología general,238
2929,610537,Zoología marina,238
4396,610543,Otros,238
4391,610538,Asistencia veterinaria,238
4392,610539,Ciencias de la reproducción animal,238
4395,610542,Salud y producción animal,238
4394,610541,Higiene veterinaria y salud pública,238
2881,610601,Bacterias,239
2882,610602,Control ambiental de enfermedades,239
2883,610603,Control biológico de enfermedades,239
2884,610604,Control químico de enfermedades,239
2885,610605,Fisiogénesis,239
2886,610606,Fitopatología,239
2887,610607,Hongos,239
2888,610608,Nemátodos,239
2889,610609,Otras,239
2890,610610,Susceptibilidad y resistencia vegetal,239
2891,610611,Virus,239
2892,610701,Floricultura,240
2893,610702,Fruticultura,240
2894,610703,Hibridación,240
2895,610704,Hortalizas,240
2896,610705,Otras,240
2897,610706,Producción de cultivos,240
2898,610707,Técnicas de cultivo,240
3950,610708,Viticultura,240
2899,610801,Otras,241
2900,610901,Agricultura, silvicultura, pesca,242
2901,610902,Caza,242
2902,610903,Dinámica de las poblaciones,242
2903,610904,Elaboración del pescado,242
2904,610905,Hábitos de alimentación,242
2905,610906,Influencia del hábitat,242
2906,610907,Localización de peces,242
2907,610908,Ordenación y conservación de la fauna silvestre,242
2908,610909,Otras,242
2909,610910,Piscicultura,242
2910,610911,Propagación y ordenación,242
2911,610912,Protección de los peces,242
2912,610913,Reglamentación y control,242
2913,610914,Técnicas pesqueras,242
2914,611001,Apicultura,243
2915,611002,Avicultura,243
2916,611003,Bovinos,243
2917,611004,Cría,243
2918,611005,Cuidado y explotación,243
2919,611006,Équidos,243
2920,611007,Nutrición,243
2921,611008,Otras,243
2922,611009,Ovinos,243
2923,611010,Porcinos,243
2924,611011,Productos,243
2925,611012,Reproducción,243
2926,611013,Selección,243
2927,611014,Sericultura,243
2928,611015,Sistema de producción ganadera,243
2936,611101,Genética animal,244
2937,611102,Lactología,244
2938,611103,Nutrición animal,244
3945,611203,Construcción de granjas,306
3946,611204,Equipo de granja,306
3943,611201,Mecánica agrícola,306
3944,611202,Drenaje,306
3947,611205,Riego,306
3948,611206,Otros,306
3949,611301,Otros,307
3972,611404,Ciencia y tecnología de la pesca,308
3973,611405,Cultivos acuícolas,308
3974,611406,Ingeniería acuícola,308
3975,611407,Ingeniería en pesquerías,308
3976,611408,Piscifactoría,308
3969,611401,Acuicultura o acuacultura,308
3970,611402,Biología pesquera,308
3971,611403,Biotecnología en acuacultura,308
4004,611701,Otros,327
4001,611504,Tecnologías de producción de materias primas de biomasa,325
3998,611501,Cultivos y ganado,325
3999,611502,Clonación de ganado,325
4000,611503,Selección asistida por marcador,325
4002,611505,Biofarmacia,325
4003,611601,Otros,326
4895,640101,Enfermedades veterinarias,876
4896,630101,Acuacultura,877
4897,630201,Bioeconomía pesquera y acuícola,878
4898,630301,Cultivos en ambientes controlados,879
4899,630401,Recursos acuáticos,880
4160,100203,Otras,372
4111,100201,Antenas,372
4159,100202,Radiotelescopios,372
